{
    "data": [
        {
            "id": 1,
            "hbBarts": "",
            "hbF": "<2",
            "hbJ": "",
            "hbA": "96.1-98.5",
            "hbL": "",
            "hbA2": "2-3.5",
            "hbE": "",
            "hbD": "",
            "hbS": "",
            "hbQ": "",
            "hbC": "",
            "hb": "",
            "title": "Estimation are carried out by fully Automated  Giant IFE (Gell) System"
        },
        {
            "id": 2,
            "hbBarts": "",
            "hbF": "<2",
            "hbJ": "",
            "hbA": "96.1-98.5",
            "hbL": "",
            "hbA2": "2-3.5",
            "hbE": "",
            "hbD": "",
            "hbS": "",
            "hbQ": "",
            "hbC": "",
            "hb": "",
            "title": "Estimation are carried out by fully Automated BIO-RAD D-10 (HPLC) System"
        },
        {
            "id": 3,
            "hbBarts": "",
            "hbF": "<2",
            "hbJ": "",
            "hbA": "96.1-98.5",
            "hbL": "",
            "hbA2": "2-3.5",
            "hbE": "",
            "hbD": "",
            "hbS": "",
            "hbQ": "",
            "hbC": "",
            "hb": "",
            "title": "Estimation are carried out by fully Automated BIO-RAD D-10 (HPLC) System"
        },
        {
            "id": 4,
            "hbBarts": "",
            "hbF": "<2",
            "hbJ": "",
            "hbA": "96.1-98.5",
            "hbL": "",
            "hbA2": "2.0-4.0",
            "hbE": "",
            "hbD": "",
            "hbS": "",
            "hbQ": "",
            "hbC": "",
            "hb": "",
            "title": "Estimation are carried out by fully Automated BIO-RAD D-10 (HPLC) System"
        },
        {
            "id": 5,
            "hbBarts": "",
            "hbF": "<2",
            "hbJ": "",
            "hbA": "96.1-98.5",
            "hbL": "",
            "hbA2": "2-3.5",
            "hbE": "",
            "hbD": "",
            "hbS": "",
            "hbQ": "",
            "hbC": "",
            "hb": "",
            "title": "Estimation are carried out by fully Automated BIO-RAD D-10 (HPLC) System"
        },
        {
            "id": 6,
            "hbBarts": "",
            "hbF": "<2",
            "hbJ": "",
            "hbA": "96.1-98.5",
            "hbL": "",
            "hbA2": "2-3.5",
            "hbE": "",
            "hbD": "",
            "hbS": "",
            "hbQ": "",
            "hbC": "",
            "hb": "",
            "title": "Estimation are carried out by fully Automated BIO-RAD D-10 (HPLC) System"
        },
        {
            "id": 7,
            "hbBarts": "",
            "hbF": "<2",
            "hbJ": "",
            "hbA": "96.1-98.5",
            "hbL": "",
            "hbA2": "2.2-4.0",
            "hbE": "",
            "hbD": "",
            "hbS": "",
            "hbQ": "",
            "hbC": "",
            "hb": "",
            "title": "Estimation are carried out by fully Automated BIO-RAD D-10 (HPLC) System"
        },
        {
            "id": 8,
            "hbBarts": "",
            "hbF": "<2",
            "hbJ": "",
            "hbA": "96.1-98.5",
            "hbL": "",
            "hbA2": "2-3.5",
            "hbE": "",
            "hbD": "",
            "hbS": "",
            "hbQ": "",
            "hbC": "",
            "hb": "",
            "title": "Estimation are carried out by fully Automated BIO-RAD D-10 (HPLC) System"
        },
        {
            "id": 9,
            "hbBarts": "",
            "hbF": "<2",
            "hbJ": "",
            "hbA": "96.1-98.5",
            "hbL": "",
            "hbA2": "2-3.5",
            "hbE": "",
            "hbD": "",
            "hbS": "",
            "hbQ": "",
            "hbC": "",
            "hb": "",
            "title": "Estimation of Haemoglobin Fractions by HB Electrophoresis/HPLC"
        }
    ]
}